ID,Summary,Description,Priority,Category
1,Bug 1 - API issue,Description of bug 1: A random issue with login.,High,Backend
2,Bug 2 - button issue,Description of bug 2: A random issue with validation.,High,UI
3,Bug 3 - login issue,Description of bug 3: A random issue with API.,Medium,Performance
4,Bug 4 - validation issue,Description of bug 4: A random issue with form.,Low,UI
5,Bug 5 - dashboard issue,Description of bug 5: A random issue with form.,Low,UI
6,Bug 6 - API issue,Description of bug 6: A random issue with form.,Low,UI
7,Bug 7 - login issue,Description of bug 7: A random issue with login.,Medium,Security
8,Bug 8 - server issue,Description of bug 8: A random issue with button.,High,Performance
9,Bug 9 - API issue,Description of bug 9: A random issue with button.,Low,Backend
10,Bug 10 - server issue,Description of bug 10: A random issue with button.,Low,Security
11,Bug 11 - form issue,Description of bug 11: A random issue with login.,Medium,Performance
12,Bug 12 - button issue,Description of bug 12: A random issue with login.,Medium,UI
13,Bug 13 - API issue,Description of bug 13: A random issue with login.,Low,Validation
14,Bug 14 - login issue,Description of bug 14: A random issue with validation.,Medium,Backend
15,Bug 15 - form issue,Description of bug 15: A random issue with form.,High,Performance
16,Bug 16 - validation issue,Description of bug 16: A random issue with validation.,Low,Backend
17,Bug 17 - dashboard issue,Description of bug 17: A random issue with server.,High,Validation
18,Bug 18 - API issue,Description of bug 18: A random issue with server.,Low,Performance
19,Bug 19 - form issue,Description of bug 19: A random issue with UI.,Medium,Validation
20,Bug 20 - server issue,Description of bug 20: A random issue with server.,Low,Security
21,Bug 21 - form issue,Description of bug 21: A random issue with server.,Low,Security
22,Bug 22 - validation issue,Description of bug 22: A random issue with button.,High,Backend
23,Bug 23 - dashboard issue,Description of bug 23: A random issue with API.,High,Performance
24,Bug 24 - form issue,Description of bug 24: A random issue with server.,Low,UI
25,Bug 25 - button issue,Description of bug 25: A random issue with login.,High,Backend
26,Bug 26 - server issue,Description of bug 26: A random issue with form.,High,Performance
27,Bug 27 - dashboard issue,Description of bug 27: A random issue with validation.,Medium,Performance
28,Bug 28 - dashboard issue,Description of bug 28: A random issue with form.,Medium,Backend
29,Bug 29 - button issue,Description of bug 29: A random issue with server.,Medium,UI
30,Bug 30 - API issue,Description of bug 30: A random issue with UI.,Low,Performance
31,Bug 31 - button issue,Description of bug 31: A random issue with form.,Low,Performance
32,Bug 32 - login issue,Description of bug 32: A random issue with login.,High,Backend
33,Bug 33 - API issue,Description of bug 33: A random issue with button.,Low,Backend
34,Bug 34 - login issue,Description of bug 34: A random issue with UI.,High,Security
35,Bug 35 - button issue,Description of bug 35: A random issue with validation.,Medium,UI
36,Bug 36 - API issue,Description of bug 36: A random issue with login.,Medium,Security
37,Bug 37 - form issue,Description of bug 37: A random issue with validation.,High,UI
38,Bug 38 - form issue,Description of bug 38: A random issue with UI.,High,UI
39,Bug 39 - button issue,Description of bug 39: A random issue with form.,Medium,UI
40,Bug 40 - form issue,Description of bug 40: A random issue with form.,Low,Backend
41,Bug 41 - API issue,Description of bug 41: A random issue with UI.,Medium,Validation
42,Bug 42 - validation issue,Description of bug 42: A random issue with form.,Low,Security
43,Bug 43 - validation issue,Description of bug 43: A random issue with UI.,High,Security
44,Bug 44 - server issue,Description of bug 44: A random issue with validation.,Low,Performance
45,Bug 45 - dashboard issue,Description of bug 45: A random issue with login.,Medium,Backend
46,Bug 46 - login issue,Description of bug 46: A random issue with button.,Medium,Validation
47,Bug 47 - API issue,Description of bug 47: A random issue with login.,Low,Validation
48,Bug 48 - dashboard issue,Description of bug 48: A random issue with form.,Medium,Performance
49,Bug 49 - button issue,Description of bug 49: A random issue with validation.,High,UI
50,Bug 50 - validation issue,Description of bug 50: A random issue with button.,Medium,Performance
51,Bug 51 - form issue,Description of bug 51: A random issue with form.,Medium,Backend
52,Bug 52 - API issue,Description of bug 52: A random issue with API.,Low,Security
53,Bug 53 - API issue,Description of bug 53: A random issue with login.,Medium,UI
54,Bug 54 - server issue,Description of bug 54: A random issue with validation.,Low,Performance
55,Bug 55 - button issue,Description of bug 55: A random issue with server.,Medium,Performance
56,Bug 56 - login issue,Description of bug 56: A random issue with API.,Low,Validation
57,Bug 57 - dashboard issue,Description of bug 57: A random issue with API.,Low,Performance
58,Bug 58 - validation issue,Description of bug 58: A random issue with button.,High,Security
59,Bug 59 - API issue,Description of bug 59: A random issue with API.,Medium,Validation
60,Bug 60 - API issue,Description of bug 60: A random issue with form.,Medium,UI
61,Bug 61 - dashboard issue,Description of bug 61: A random issue with API.,Medium,UI
62,Bug 62 - login issue,Description of bug 62: A random issue with form.,Medium,Backend
63,Bug 63 - form issue,Description of bug 63: A random issue with API.,Low,Security
64,Bug 64 - dashboard issue,Description of bug 64: A random issue with form.,Low,Validation
65,Bug 65 - server issue,Description of bug 65: A random issue with form.,High,Validation
66,Bug 66 - button issue,Description of bug 66: A random issue with validation.,High,Backend
67,Bug 67 - server issue,Description of bug 67: A random issue with API.,Medium,Backend
68,Bug 68 - button issue,Description of bug 68: A random issue with button.,High,Performance
69,Bug 69 - login issue,Description of bug 69: A random issue with login.,Low,Backend
70,Bug 70 - dashboard issue,Description of bug 70: A random issue with UI.,High,UI
71,Bug 71 - API issue,Description of bug 71: A random issue with form.,Low,Validation
72,Bug 72 - button issue,Description of bug 72: A random issue with API.,Low,Performance
73,Bug 73 - server issue,Description of bug 73: A random issue with validation.,Low,Security
74,Bug 74 - dashboard issue,Description of bug 74: A random issue with form.,High,Validation
75,Bug 75 - button issue,Description of bug 75: A random issue with form.,Low,Backend
76,Bug 76 - server issue,Description of bug 76: A random issue with validation.,High,UI
77,Bug 77 - login issue,Description of bug 77: A random issue with server.,Medium,UI
78,Bug 78 - login issue,Description of bug 78: A random issue with validation.,Low,UI
79,Bug 79 - server issue,Description of bug 79: A random issue with form.,Low,Security
80,Bug 80 - server issue,Description of bug 80: A random issue with button.,High,Performance
81,Bug 81 - server issue,Description of bug 81: A random issue with button.,High,Validation
82,Bug 82 - validation issue,Description of bug 82: A random issue with API.,High,UI
83,Bug 83 - button issue,Description of bug 83: A random issue with server.,Low,Backend
84,Bug 84 - form issue,Description of bug 84: A random issue with UI.,High,Security
85,Bug 85 - button issue,Description of bug 85: A random issue with server.,Medium,UI
86,Bug 86 - dashboard issue,Description of bug 86: A random issue with API.,Low,Validation
87,Bug 87 - form issue,Description of bug 87: A random issue with form.,Medium,Validation
88,Bug 88 - validation issue,Description of bug 88: A random issue with API.,Low,Security
89,Bug 89 - form issue,Description of bug 89: A random issue with UI.,High,Validation
90,Bug 90 - button issue,Description of bug 90: A random issue with form.,Medium,UI
91,Bug 91 - dashboard issue,Description of bug 91: A random issue with UI.,Medium,Security
92,Bug 92 - server issue,Description of bug 92: A random issue with UI.,Medium,Security
93,Bug 93 - validation issue,Description of bug 93: A random issue with validation.,Low,Security
94,Bug 94 - server issue,Description of bug 94: A random issue with server.,Medium,Security
95,Bug 95 - button issue,Description of bug 95: A random issue with UI.,Low,Backend
96,Bug 96 - login issue,Description of bug 96: A random issue with API.,Low,UI
97,Bug 97 - API issue,Description of bug 97: A random issue with UI.,Medium,Security
98,Bug 98 - button issue,Description of bug 98: A random issue with UI.,Medium,Backend
99,Bug 99 - dashboard issue,Description of bug 99: A random issue with API.,Low,UI
100,Bug 100 - validation issue,Description of bug 100: A random issue with validation.,High,Backend
